Name,Gender
??????,F
??????,F
??????,F
??????,F
??????,F
??????,F
??????,F
??????,F
??????,F
??????,F
???????,F
??????,F
??????,F
???????,F
?????,F
??????,F
??????,F
??????,F
??????,F
??????,F
??????,F
??????,F
??????,F
??????,F
??????,F
????,F
????,F
????,F
????,F
???,F
?????,F
????,F
????,F
?????,F
??????,F
????,F
?????,F
????,F
?????,F
??????,F
?????,F
?????,F
????,F
????,F
?????,F
?????,F
??????,F
?????,F
?????,F
?????,F
?????,F
????,F
?? ?????,F
?????,F
????,F
?????,F
?????,F
?????,F
???,F
?????,F
?????,F
?????,F
?????,F
?????,F
?????,F
?????,F
?????,F
?????,F
?????,F
?????,F
????,F
?????,F
?????,F
?????,F
?????,F
?????,F
?????,F
?????,F
?????,F
?????,F
?????,F
?????,F
?????,F
?????,F
?????,F
?????,F
?????,F
?????,F
?????,F
?????,F
?????,F
?????,F
?????,F
?????,F
?????,F
?????,F
?????,F
????,F
????,F
?????,F
?????,F
?????,F
????,F
????,F
?????,F
?????,F
????,F
?????,F
?????,F
?????,F
?????,F
?????,F
????,F
????,F
????,F
?????,F
?????,F
?????,F
?????,F
?????,F
?????,F
????,F
?????,F
?????,F
?????,F
?????,F
????,F
????,F
????,F
?????,F
????,F
????,F
?????,F
?????,F
???,F
???,F
????,F
?????,F
???,F
????,F
?????,F
???,F
??????,F
?????,F
?????,F
?????,F
?????,F
???,F
????,F
????,F
?????,F
????,F
?????,F
???,F
?????,F
?????,F
????,F
?????,F
?????,F
?????,F
?????,F
????,F
?????,F
????,F
????,F
?????,F
?????,F
????,F
????,F
?????,F
?????,F
?????,F
????,F
????,F
???,F
????,F
????,F
????,F
??????,F
????,F
?????,F
?????,F
?????,F
?????,F
?????,F
?????,F
?????,F
?????,F
?????,F
????,F
????,F
?????,F
???,F
????,F
?????,F
????,F
????,F
????,F
????,F
?????,F
????,F
?????,F
?????,F
????,F
?????,F
???,F
?????,F
?????,F
???,F
????,F
????,F
???,F
????,F
?????,F
?????,F
????,F
????,F
?????,F
???,F
???,F
????,F
????,F
???,F
?????,F
????,F
?????,F
????,F
???,F
????,F
????,F
???,F
???,F
????,F
?????,F
?????,F
??????,F
?????,F
???,F
????,F
?????,F
????,F
?????,F
?????,F
????,F
?????,F
?????,F
????,F
?????,F
????,F
????,F
????,F
????,F
????,F
????,F
????,F
????,F
????,F
?????,F
??????,F
?????,F
?????,F
?????,F
???,F
???,F
???,F
???,F
????,F
????,F
????,F
????,F
?????,F
??????,F
?????,F
?????,F
??????,F
????,F
????,F
???,F
???,F
?????,F
????,F
?????,F
?????,F
????,F
????,F
???,F
????,F
????,F
?????,F
?????,F
?????,F
?????,F
????,F
?????,F
?????,F
?????,F
???,F
????,F
???,F
????,F
?????,F
?????,F
????,F
???,F
?????,F
???,F
?????,F
?????,F
??????,F
?????,F
?????,F
???,F
???,F
????,F
????,F
????,F
????,F
?????,F
?????,F
???,F
???,F
?????,F
????,F
?????,F
?????,F
?????,F
?????,F
?????,F
?????,F
?????,F
?????,F
?????,F
????,F
????,F
?????,F
????,F
???,F
?????,F
????,F
?????,F
????,F
???,F
????,F
????,F
????,F
????,F
?????,F
???,F
????,F
????,F
???,F
????,F
????,F
???,F
?????,F
?????,F
????,F
?????,F
?????,F
?????,F
????,F
?????,F
???,F
?????,F
????,F
???,F
?????,F
?????,F
?????,F
?????,F
????,F
???,F
????,F
?????,F
?????,F
?????,F
???,F
????,F
?????,F
????,F
?????,F
?????,F
????,F
?????,F
???,F
????,F
????,F
????,F
????,F
????,F
?????,F
?????,F
????,F
????,F
?????,F
????,F
????,F
?????,F
???,F
?????,F
?????,F
???,F
?????,F
????,F
?????,F
????,F
?????,F
????,F
????,F
???,F
????,F
?????,F
?????,F
????,F
?????,F
??????,F
????,F
?????,F
??????,F
?????,F
?????,F
?????,F
?????,F
?????,F
????,F
???,F
?????,F
????,F
????,F
????,F
????,F
?????,F
??????,F
?????,F
???,F
?????,F
?????,F
?????,F
?????,F
?????,F
??????,F
?????,F
?????,F
?????,F
?????,F
?????,F
??????,F
????,F
?????,F
????,F
?????,F
?????,F
?????,F
?????,F
???,F
?????,F
?????,F
???,F
????,F
?????,F
????,F
?????,F
??,F
???,F
?????,F
????,F
?????,F
????,F
???,F
?????,F
?????,F
??????,F
?????,F
?????,F
?????,F
?????,F
?????,F
?????,F
????,F
?????,F
?????,F
?????,F
???,F
?????,F
??????,F
????,F
?????,F
?????,F
????,F
???,F
????,F
?????,F
?????,F
????,F
????,F
????,F
???,F
????,F
?????,F
????,F
????,F
????,F
????,F
????,F
???,F
????,F
????,F
???,F
????,F
????,F
????,F
??????,F
???,F
?????,F
????,F
????,F
?????,F
???,F
???,F
????,F
????,F
????,F
?????,F
???,F
????,F
?????,F
????,F
?????,F
????,F
?????,F
??,F
?????,F
???,F
????,F
????,F
???,F
?????,F
????,F
???,F
????,F
?????,F
????,F
??????,F
?????,F
????,F
????,F
????,F
??????,F
????,F
????,F
???,F
????,F
???????,M
????,M
??????,M
??????,M
?????,M
????????,M
??????,M
???,M
????,M
????,M
??? ???,M
??????,M
????,M
????,M
????,M
????,M
????,M
????,M
????,M
????,M
????,M
????,M
????,M
????,M
????,M
????,M
????,M
?????,M
???,M
????,M
????,M
????,M
????,M
????,M
????,M
????,M
????,M
????,M
????,M
????,M
????,M
????,M
????,M
????,M
????,M
????,M
????,M
????,M
????,M
????,M
????,M
????,M
???,M
????,M
?????,M
????,M
????,M
???,M
????,M
????,M
????,M
????,M
????,M
???????,M
?????,M
?????,M
?????,M
?????,M
???????,M
????,M
????,M
????,M
?????,M
????,M
????,M
????,M
????,M
????,M
????,M
????,M
????,M
????,M
????,M
???,M
????,M
????,M
???,M
?????,M
????,M
????,M
????,M
?????,M
???,M
????,M
????,M
????,M
????,M
???,M
????,M
????,M
????,M
????,M
????,M
????,M
?????,M
????,M
????,M
????,M
????,M
????,M
???,M
????,M
????,M
????,M
????,M
?????,M
?????,M
???,M
????,M
????,M
????,M
????,M
?????,M
????,M
????,M
????,M
????,M
????,M
???,M
?????,M
???,M
?????,M
????,M
????,M
????,M
????,M
????,M
????,M
????,M
?????,M
????,M
????,M
?????,M
????,M
????,M
????,M
????,M
????,M
????,M
????,M
????,M
????,M
????,M
????,M
????,M
????,M
????,M
???,M
????,M
???,M
????,M
????,M
???,M
????,M
?????,M
????,M
????,M
????,M
???,M
????,M
????,M
???,M
?????,M
?????,M
????,M
????,M
????,M
????,M
?????,M
????,M
????,M
????,M
????,M
????,M
????,M
????,M
????,M
???,M
????,M
?????,M
???,M
?????,M
????,M
?????,M
????,M
?????,M
????,M
????,M
?????,M
????,M
?????,M
????,M
????,M
????,M
????,M
????,M
????,M
?????,M
????,M
????,M
????,M
????,M
????,M
????,M
????,M
????,M
????,M
????,M
????,M
????,M
????,M
????,M
????,M
????,M
????,M
????,M
????,M
????,M
????,M
????,M
?????,M
????,M
????,M
????,M
????,M
????,M
????,M
????,M
???,M
????,M
????,M
???,M
????,M
????,M
????,M
????,M
????,M
?????,M
????,M
????,M
????,M
???,M
?????,M
???,M
???,M
????,M
????,M
????,M
?????,M
?????,M
????,M
????,M
????,M
????,M
????,M
????,M
????,M
?????,M
????,M
?????,M
????,M
????,M
????,M
????,M
????,M
????,M
????,M
????,M
????,M
?????,M
?????,M
????,M
????,M
???,M
?????,M
?????,M
???,M
????,M
????,M
????,M
????,M
????,M
????,M
????,M
????,M
????,M
????,M
????,M
????,M
????,M
????,M
????,M
????,M
???,M
????,M
????,M
????,M
????,M
????,M
????,M
????,M
???,M
?????,M
????,M
????,M
?????,M
????,M
?????,M
?????,M
?????,M
????,M
????,M
?????,M
?????,M
????,M
????,M
????,M
????,M
???,M
????,M
????,M
????,M
???,M
???,M
????,M
????,M
????,M
????,M
????,M
????,M
????,M
???,M
????,M
????,M
????,M
????,M
????,M
?????,M
????,M
????,M
????,M
????,M
????,M
????,M
???,M
??? ?????,M
????,M
???,M
????,M
????,M
????,M
?????,M
????,M
????,M
????,M
????,M
????,M
????,M
????,M
????,M
????,M
????,M
????,M
????,M
?????,M
????,M
???,M
????,M
???? ?????,M
???,M
?????,M
????,M
????,M
????,M
????,M
????,M
????,M
????,M
????,M
????,M
???,M
????,M
????,M
????,M
????,M
????,M
????,M
????,M
????,M
????,M
????,M
????,M
????,M
????,M
????,M
????,M
????,M
????,M
????,M
????,M
????,M
????,M
????,M
?????,M
????,M
?????????,M
?????????,M
?????????,M
?????????,M
?????????,M
?????????,M
?????????,M
???????,M
?????????,M
?????????,M
?????????,M
???????,M
?????????,M
?????????,M
???????,M
?????????,M
?????????,M
?????????,M
?????????,M
?????????,M
?????????,M
?????????,M
????????,M
?????????,M
?????????,M
?????????,M
?????????,M
?????????,M
????????,M
?????????,M
?????????,M
?????????,M
?????????,M
?????????,M
?????????,M
???????,M
?????????,M
?????????,M
????????,M
?????????,M
?????????,M
????????,M
?????????,M
?????????,M
?????????,M
?????????,M
??????,M
????,M
????,M
????,M
?????,M
????,M
?????,M
????,M
?????,M
?????,M
????,M
????,M
????,M
?????,M
?????,M
???,M
????,M
????,M
????,M
?????,M
????,M
????,M
????,M
??,M
???,M
???,M
????,M
????,M
????,M
????,M
???,M
????,M
????,M
????,M
????,M
????,M
????,M
???,M
????,M
????,M
?????,M
?????,M
????,M
????,M
???? ?????,M
?????,M
???,M
?????,M
????,M
????,M
????,M
?????,M
???,M
?????,M
????,M
????,M
????,M
????,M
????,M
?????,M
????,M
???,M
???,M
???,M
????,M
????,M
????,M
???,M
????,M
????,M
????,M
????,M
????,M
????,M
????,M
????,M
?????,M
????,M
?????,M
????,M
????,M
????,M
????,M
????,M
???,M
????,M
???,M
????,M
????,M
????,M
????,M
????,M
????,M
????,M
????,M
????,M
?????,M
????,M
????,M
????,M
???,M
????,M
????,M
????,M
???,M
????,M
????,M
????,M
???,M
?????,M
?????,M
?????,M
????,M
????,M
???,M
????,M
????,M
????,M
????,M
????,M
???,M
????,M
????,M
????,M
????,M
????,M
????,M
????,M
???,M
????,M
????,M
????,M
?????,M
????,M
????,M
????,M
?????,M
?????,M
???,M
????,M
?????,M
????,M
????,M
????,M
???,M
?????,M
???,M
?????,M
???,M
????,M
????,M
????,M
????,M
???,M
????,M
???,M
????,M
????,M
????,M
????,M
????,M
????,M
?????,M
?????,M
???,M
????,M
????,M
????,M
????,M
????,M
?????,M
????,M
????,M
???,M
?????,M
????,M
????,M
??????,M
????,M
????,M
????,M
????,M
?????,M
?????,M
?????,M
?????,M
????,M
????,M
?????,M
?????,M
?????,M
????,M
????,M
????,M
????,M
?????,M
????,M
????,M
????,M
????,M
????,M
?????,M
????,M
????,M
????,M
????,M
????,M
????,M
????,M
????,M
????,M
????,M
????,M
?????,M
?????,M
????,M
?????,M
?????,M
????,M
????,M
?????,M
?????,M
?????,M
???,M
????,M
?????,M
?????,M
?????,M
????,M
????,M
?????,M
????,M
?????,M
?????,M
????,M
????,M
?????,M
?????,M
????,M
????,M
???,M
????,M
?????,M
???,M
????,M
????,M
????,M
????,M
????,M
????,M
????,M
????,M
??????,M
?????,M
?????,M
?????,M
???,M
?????,M
?????,M
????,M
?????,M
????,M
???,M
????,M
???? ?????,M
?????,M
????,M
?????,M
?????,M
????,M
?????,M
????,M
?????,M
????,M
????,M
????,M
?????,M
?????,M
????,M
????,M
????,M
?????,M
?????,M
????,M
????,M
?????,M
????,M
????,M
????,M
????,M
????,M
????,M
????,M
????,M
????,M
????,M
?????,M
????,M
????,M
?????,M
?????,M
????,M
????,M
????,M
????,M
????,M
????,M
????,M
????,M
???? ?????,M
????,M
?????,M
????,M
????,M
????,M
????,M
????,M
????,M
????,M
????,M
????,M
????,M
????,M
????,M
????,M
???,M
??? ?????,M
????,M
????,M
????,M
????,M
????,M
????,M
????,M
????,M
????,M
????,M
???,M
????,M
????,M
????,M
????,M
????,M
????,M
????,M
????,M
????,M
?????,M
????,M
????,M
???,M
?????,M
????,M
????,M
????,M
???,M
????,M
????,M
????,M
????,M
????,M
????,M
????,M
????,M
????,M
?????,M
????,M
?????,M
????,M
????,M
????,M
????,M
?????,M
???,M
????,M
????,M
????,M
????,M
???,M
????,M
????,M
????,M
???? ?????,M
????,M
????,M
????,M
???,M
????,M
????,M
????,M
????,M
?????,M
